<?xml version="1.0" encoding="UTF-8"?>
<configuration>
    <appender name="Console" class="ch.qos.logback.core.ConsoleAppender">
        <encoder>
            <pattern>%d{HH:mm:ss.SSS} [%thread] %-5level %logger{36} - %msg%n</pattern>
        </encoder>
    </appender>

    <appender name="RollingFile" class="ch.qos.logback.core.rolling.RollingFileAppender">
        <file>Myapp.log</file>
        <encoder>
            <pattern>%d [%thread] %-5level %logger{35} - %msg%n</pattern>
        </encoder>
        <rollingPolicy class="ch.qos.logback.core.rolling.SizeAndTimeBasedRollingPolicy">
            <fileNamePattern>MyApp-%d{yyyy-MM-dd}.%i.log</fileNamePattern>
            <maxFileSize>1MB</maxFileSize>
            <maxHistory>30</maxHistory>
            <totalSizeCap>10MB</totalSizeCap>
            <cleanHistoryOnStart>true</cleanHistoryOnStart>
        </rollingPolicy>
    </appender>

    <root level="INFO">
        <appender-ref ref="Console" />
        <appender-ref ref="RollingFile" />
    </root>
</configuration>